{"condition1": {"compliant": {"mean": 87.538, "std": 0.25063120316512727}, "non_compliant": {"mean": 12.462, "std": 0.2506312031651284}, "automated_time": {"mean": 1.9880561828613281, "std": 0.01907935179769993}, "human_time": {"mean": 3.5088717937469482, "std": 0.052150607109069824}}, "condition2": {"compliant": {"mean": 87.53999999999999, "std": 0.1810524785801064}, "non_compliant": {"mean": 12.459999999999999, "std": 0.1810524785801068}, "automated_time": {"mean": 2.0173916816711426, "std": 0.019532963633537292}, "human_time": {"mean": 3.490734815597534, "std": 0.050310466438531876}}, "condition3": {"compliant": {"mean": 87.35799999999999, "std": 0.22815784010197762}, "non_compliant": {"mean": 12.642, "std": 0.22815784010197843}, "automated_time": {"mean": 1.978276252746582, "std": 0.020516498014330864}, "human_time": {"mean": 3.496701717376709, "std": 0.04714905098080635}}}