{"compliant": {"mean": 87.53999999999999, "std": 0.1810524785801064}, "non_compliant": {"mean": 12.459999999999999, "std": 0.1810524785801068}, "automated_time": {"mean": 2.0173916816711426, "std": 0.019532963633537292}, "human_time": {"mean": 3.490734815597534, "std": 0.050310466438531876}}