{"condition1": {"compliant": {"mean": 87.374, "std": 0.18995789007040734}, "non_compliant": {"mean": 12.626, "std": 0.18995789007040456}, "automated_time": {"mean": 2.010171413421631, "std": 0.026956956833600998}, "human_time": {"mean": 3.498969554901123, "std": 0.05839594826102257}}, "condition2": {"compliant": {"mean": 87.373, "std": 0.23469341703592764}, "non_compliant": {"mean": 12.627, "std": 0.23469341703592797}, "automated_time": {"mean": 1.991594672203064, "std": 0.030961021780967712}, "human_time": {"mean": 3.497751235961914, "std": 0.04411803558468819}}, "condition3": {"compliant": {"mean": 87.40799999999999, "std": 0.21296948138172175}, "non_compliant": {"mean": 12.592, "std": 0.21296948138172306}, "automated_time": {"mean": 2.0059056282043457, "std": 0.01960076205432415}, "human_time": {"mean": 3.49552583694458, "std": 0.041917964816093445}}}