{"compliant": {"mean": 87.374, "std": 0.18995789007040734}, "non_compliant": {"mean": 12.626, "std": 0.18995789007040456}, "automated_time": {"mean": 2.010171413421631, "std": 0.026956956833600998}, "human_time": {"mean": 3.498969554901123, "std": 0.05839594826102257}}