{"compliant": {"mean": 87.471, "std": 0.2082042266621871}, "non_compliant": {"mean": 12.529, "std": 0.2082042266621886}, "automated_time": {"mean": 1.9910714626312256, "std": 0.02776538021862507}, "human_time": {"mean": 3.518622875213623, "std": 0.04807495325803757}}