{"condition1": {"compliant": {"mean": 87.471, "std": 0.2082042266621871}, "non_compliant": {"mean": 12.529, "std": 0.2082042266621886}, "automated_time": {"mean": 1.9910714626312256, "std": 0.02776538021862507}, "human_time": {"mean": 3.518622875213623, "std": 0.04807495325803757}}, "condition2": {"compliant": {"mean": 87.454, "std": 0.30243015722642513}, "non_compliant": {"mean": 12.546, "std": 0.3024301572264248}, "automated_time": {"mean": 1.9986995458602905, "std": 0.02873196266591549}, "human_time": {"mean": 3.522681474685669, "std": 0.05408009886741638}}, "condition3": {"compliant": {"mean": 87.45100000000001, "std": 0.2690148694775086}, "non_compliant": {"mean": 12.549, "std": 0.2690148694775065}, "automated_time": {"mean": 2.0140254497528076, "std": 0.025520391762256622}, "human_time": {"mean": 3.493410110473633, "std": 0.05339374393224716}}}