{"compliant": {"mean": 87.35799999999999, "std": 0.22815784010197762}, "non_compliant": {"mean": 12.642, "std": 0.22815784010197843}, "automated_time": {"mean": 1.978276252746582, "std": 0.020516498014330864}, "human_time": {"mean": 3.496701717376709, "std": 0.04714905098080635}}