{"condition1": {"compliant": {"mean": 879.3481333333333, "std": 0.8109242353978365}, "non_compliant": {"mean": 120.65186666666665, "std": 0.8109242353978309}, "automated_time": {"mean": 1.997997486556705, "std": 0.011670687394186375}, "human_time": {"mean": 3.496767987655535, "std": 0.01669438184052591}}, "condition2": {"compliant": {"mean": 879.4892666666668, "std": 0.7798369886642132}, "non_compliant": {"mean": 120.51073333333333, "std": 0.7798369886642263}, "automated_time": {"mean": 2.000198134368966, "std": 0.010467142712418213}, "human_time": {"mean": 3.503067011597431, "std": 0.01595856144842577}}, "condition3": {"compliant": {"mean": 879.5472999999998, "std": 0.9275146773322114}, "non_compliant": {"mean": 120.4527, "std": 0.9275146773322064}, "automated_time": {"mean": 1.998966430461572, "std": 0.011116321060625838}, "human_time": {"mean": 3.500475477219114, "std": 0.016084732672609476}}}