{"compliant": {"mean": 87.45100000000001, "std": 0.2690148694775086}, "non_compliant": {"mean": 12.549, "std": 0.2690148694775065}, "automated_time": {"mean": 2.0140254497528076, "std": 0.025520391762256622}, "human_time": {"mean": 3.493410110473633, "std": 0.05339374393224716}}