{"compliant": {"mean": 87.454, "std": 0.30243015722642513}, "non_compliant": {"mean": 12.546, "std": 0.3024301572264248}, "automated_time": {"mean": 1.9986995458602905, "std": 0.02873196266591549}, "human_time": {"mean": 3.522681474685669, "std": 0.05408009886741638}}