{"compliant": {"mean": 87.538, "std": 0.25063120316512727}, "non_compliant": {"mean": 12.462, "std": 0.2506312031651284}, "automated_time": {"mean": 1.9880561828613281, "std": 0.01907935179769993}, "human_time": {"mean": 3.5088717937469482, "std": 0.052150607109069824}}