{"compliant": {"mean": 87.373, "std": 0.23469341703592764}, "non_compliant": {"mean": 12.627, "std": 0.23469341703592797}, "automated_time": {"mean": 1.991594672203064, "std": 0.030961021780967712}, "human_time": {"mean": 3.497751235961914, "std": 0.04411803558468819}}