{"compliant": {"mean": 87.40799999999999, "std": 0.21296948138172175}, "non_compliant": {"mean": 12.592, "std": 0.21296948138172306}, "automated_time": {"mean": 2.0059056282043457, "std": 0.01960076205432415}, "human_time": {"mean": 3.49552583694458, "std": 0.041917964816093445}}