{"condition1": {"compliant": {"mean": 87.311, "std": 0.22322410264126966}, "non_compliant": {"mean": 12.689000000000002, "std": 0.2232241026412695}, "automated_time": {"mean": 2.005274534225464, "std": 0.02637055329978466}, "human_time": {"mean": 3.4821949005126953, "std": 0.06353045254945755}}, "condition2": {"compliant": {"mean": 87.441, "std": 0.31123785116852526}, "non_compliant": {"mean": 12.559000000000001, "std": 0.3112378511685236}, "automated_time": {"mean": 1.9940478801727295, "std": 0.031787529587745667}, "human_time": {"mean": 3.4942574501037598, "std": 0.043597105890512466}}, "condition3": {"compliant": {"mean": 87.29299999999999, "std": 0.3409413439288369}, "non_compliant": {"mean": 12.707, "std": 0.3409413439288346}, "automated_time": {"mean": 2.009753465652466, "std": 0.033073779195547104}, "human_time": {"mean": 3.5184478759765625, "std": 0.03063494712114334}}, "condition4": {"compliant": {"mean": 87.55499999999999, "std": 0.35825270410703125}, "non_compliant": {"mean": 12.444999999999999, "std": 0.358252704107031}, "automated_time": {"mean": 2.006819248199463, "std": 0.01306175347417593}, "human_time": {"mean": 3.4975814819335938, "std": 0.04481203109025955}}, "condition5": {"compliant": {"mean": 87.57499999999999, "std": 0.26788990275857794}, "non_compliant": {"mean": 12.425, "std": 0.2678899027585771}, "automated_time": {"mean": 2.008666515350342, "std": 0.030500328168272972}, "human_time": {"mean": 3.5105392932891846, "std": 0.06841938197612762}}, "condition6": {"compliant": {"mean": 87.57799999999999, "std": 0.31508094198158254}, "non_compliant": {"mean": 12.422, "std": 0.31508094198157993}, "automated_time": {"mean": 1.995656967163086, "std": 0.02552075870335102}, "human_time": {"mean": 3.486311674118042, "std": 0.04358045384287834}}}