{"compliant": {"mean": 87.42300000000002, "std": 0.2854137347781316}, "non_compliant": {"mean": 12.577000000000002, "std": 0.28541373477812865}, "automated_time": {"mean": 1.9978201389312744, "std": 0.018460461869835854}, "human_time": {"mean": 3.4915223121643066, "std": 0.046172820031642914}}