{"condition1": {"compliant": {"mean": 87.39999999999999, "std": 0.19287301521986036}, "non_compliant": {"mean": 12.6, "std": 0.19287301521985892}, "automated_time": {"mean": 1.9873977899551392, "std": 0.03111962415277958}, "human_time": {"mean": 3.4885127544403076, "std": 0.04600880295038223}}, "condition2": {"compliant": {"mean": 87.47299999999998, "std": 0.23723616924912505}, "non_compliant": {"mean": 12.527, "std": 0.237236169249126}, "automated_time": {"mean": 2.010558605194092, "std": 0.02922949381172657}, "human_time": {"mean": 3.4990768432617188, "std": 0.052335843443870544}}, "condition3": {"compliant": {"mean": 87.612, "std": 0.23163764806265816}, "non_compliant": {"mean": 12.388000000000002, "std": 0.2316376480626584}, "automated_time": {"mean": 1.999385118484497, "std": 0.023244693875312805}, "human_time": {"mean": 3.4987525939941406, "std": 0.043829306960105896}}, "condition4": {"compliant": {"mean": 87.41299999999998, "std": 0.20562344224333914}, "non_compliant": {"mean": 12.587, "std": 0.20562344224333978}, "automated_time": {"mean": 2.0044384002685547, "std": 0.04023166373372078}, "human_time": {"mean": 3.481206178665161, "std": 0.04682920128107071}}, "condition5": {"compliant": {"mean": 87.504, "std": 0.22513107293308213}, "non_compliant": {"mean": 12.496, "std": 0.22513107293308052}, "automated_time": {"mean": 2.0162711143493652, "std": 0.023651160299777985}, "human_time": {"mean": 3.4727721214294434, "std": 0.04216769337654114}}, "condition6": {"compliant": {"mean": 87.61000000000001, "std": 0.3644996570643095}, "non_compliant": {"mean": 12.389999999999999, "std": 0.3644996570643106}, "automated_time": {"mean": 2.0059685707092285, "std": 0.033684469759464264}, "human_time": {"mean": 3.4852592945098877, "std": 0.03562747314572334}}}