{"compliant": {"mean": 87.57799999999999, "std": 0.31508094198158254}, "non_compliant": {"mean": 12.422, "std": 0.31508094198157993}, "automated_time": {"mean": 1.995656967163086, "std": 0.02552075870335102}, "human_time": {"mean": 3.486311674118042, "std": 0.04358045384287834}}