{"compliant": {"mean": 87.49, "std": 0.2987975903517305}, "non_compliant": {"mean": 12.510000000000002, "std": 0.2987975903517293}, "automated_time": {"mean": 2.0085957050323486, "std": 0.033626943826675415}, "human_time": {"mean": 3.49981427192688, "std": 0.023050421848893166}}