{"compliant": {"mean": 87.563, "std": 0.4027170222376987}, "non_compliant": {"mean": 12.437000000000001, "std": 0.40271702223769984}, "automated_time": {"mean": 1.991718053817749, "std": 0.02770203724503517}, "human_time": {"mean": 3.498225688934326, "std": 0.0396585576236248}}