{"compliant": {"mean": 87.55499999999999, "std": 0.35825270410703125}, "non_compliant": {"mean": 12.444999999999999, "std": 0.358252704107031}, "automated_time": {"mean": 2.006819248199463, "std": 0.01306175347417593}, "human_time": {"mean": 3.4975814819335938, "std": 0.04481203109025955}}