{"compliant": {"mean": 87.57499999999999, "std": 0.26788990275857794}, "non_compliant": {"mean": 12.425, "std": 0.2678899027585771}, "automated_time": {"mean": 2.008666515350342, "std": 0.030500328168272972}, "human_time": {"mean": 3.5105392932891846, "std": 0.06841938197612762}}