{"compliant": {"mean": 87.29299999999999, "std": 0.3409413439288369}, "non_compliant": {"mean": 12.707, "std": 0.3409413439288346}, "automated_time": {"mean": 2.009753465652466, "std": 0.033073779195547104}, "human_time": {"mean": 3.5184478759765625, "std": 0.03063494712114334}}