{"compliant": {"mean": 87.46900000000001, "std": 0.2455381844031586}, "non_compliant": {"mean": 12.531, "std": 0.24553818440315947}, "automated_time": {"mean": 1.9813381433486938, "std": 0.029144002124667168}, "human_time": {"mean": 3.510607957839966, "std": 0.04595239460468292}}