{"compliant": {"mean": 87.311, "std": 0.22322410264126966}, "non_compliant": {"mean": 12.689000000000002, "std": 0.2232241026412695}, "automated_time": {"mean": 2.005274534225464, "std": 0.02637055329978466}, "human_time": {"mean": 3.4821949005126953, "std": 0.06353045254945755}}