{"compliant": {"mean": 87.47299999999998, "std": 0.23723616924912505}, "non_compliant": {"mean": 12.527, "std": 0.237236169249126}, "automated_time": {"mean": 2.010558605194092, "std": 0.02922949381172657}, "human_time": {"mean": 3.4990768432617188, "std": 0.052335843443870544}}