{"condition1": {"compliant": {"mean": 87.55499999999999, "std": 0.34264413025762036}, "non_compliant": {"mean": 12.445, "std": 0.34264413025761886}, "automated_time": {"mean": 2.0164694786071777, "std": 0.029962439090013504}, "human_time": {"mean": 3.4956374168395996, "std": 0.03990241140127182}}, "condition2": {"compliant": {"mean": 87.563, "std": 0.4027170222376987}, "non_compliant": {"mean": 12.437000000000001, "std": 0.40271702223769984}, "automated_time": {"mean": 1.991718053817749, "std": 0.02770203724503517}, "human_time": {"mean": 3.498225688934326, "std": 0.0396585576236248}}, "condition3": {"compliant": {"mean": 87.581, "std": 0.2561815762306101}, "non_compliant": {"mean": 12.418999999999999, "std": 0.25618157623061016}, "automated_time": {"mean": 2.009913921356201, "std": 0.028619103133678436}, "human_time": {"mean": 3.5075020790100098, "std": 0.0411740317940712}}, "condition4": {"compliant": {"mean": 87.49, "std": 0.2987975903517305}, "non_compliant": {"mean": 12.510000000000002, "std": 0.2987975903517293}, "automated_time": {"mean": 2.0085957050323486, "std": 0.033626943826675415}, "human_time": {"mean": 3.49981427192688, "std": 0.023050421848893166}}, "condition5": {"compliant": {"mean": 87.46900000000001, "std": 0.2455381844031586}, "non_compliant": {"mean": 12.531, "std": 0.24553818440315947}, "automated_time": {"mean": 1.9813381433486938, "std": 0.029144002124667168}, "human_time": {"mean": 3.510607957839966, "std": 0.04595239460468292}}, "condition6": {"compliant": {"mean": 87.42300000000002, "std": 0.2854137347781316}, "non_compliant": {"mean": 12.577000000000002, "std": 0.28541373477812865}, "automated_time": {"mean": 1.9978201389312744, "std": 0.018460461869835854}, "human_time": {"mean": 3.4915223121643066, "std": 0.046172820031642914}}}