{"compliant": {"mean": 87.61000000000001, "std": 0.3644996570643095}, "non_compliant": {"mean": 12.389999999999999, "std": 0.3644996570643106}, "automated_time": {"mean": 2.0059685707092285, "std": 0.033684469759464264}, "human_time": {"mean": 3.4852592945098877, "std": 0.03562747314572334}}