{"compliant": {"mean": 87.41299999999998, "std": 0.20562344224333914}, "non_compliant": {"mean": 12.587, "std": 0.20562344224333978}, "automated_time": {"mean": 2.0044384002685547, "std": 0.04023166373372078}, "human_time": {"mean": 3.481206178665161, "std": 0.04682920128107071}}