{"compliant": {"mean": 87.612, "std": 0.23163764806265816}, "non_compliant": {"mean": 12.388000000000002, "std": 0.2316376480626584}, "automated_time": {"mean": 1.999385118484497, "std": 0.023244693875312805}, "human_time": {"mean": 3.4987525939941406, "std": 0.043829306960105896}}