{"compliant": {"mean": 87.441, "std": 0.31123785116852526}, "non_compliant": {"mean": 12.559000000000001, "std": 0.3112378511685236}, "automated_time": {"mean": 1.9940478801727295, "std": 0.031787529587745667}, "human_time": {"mean": 3.4942574501037598, "std": 0.043597105890512466}}