{"compliant": {"mean": 87.39999999999999, "std": 0.19287301521986036}, "non_compliant": {"mean": 12.6, "std": 0.19287301521985892}, "automated_time": {"mean": 1.9873977899551392, "std": 0.03111962415277958}, "human_time": {"mean": 3.4885127544403076, "std": 0.04600880295038223}}