{"condition1": {"compliant": {"mean": 879.4803, "std": 0.8953348032998572}, "non_compliant": {"mean": 120.51970000000001, "std": 0.8953348032998608}, "automated_time": {"mean": 2.000730193074084, "std": 0.01151471372813994}, "human_time": {"mean": 3.496764789374373, "std": 0.014784475028660525}}, "condition2": {"compliant": {"mean": 879.3238999999999, "std": 1.0328612798112615}, "non_compliant": {"mean": 120.6761, "std": 1.0328612798112498}, "automated_time": {"mean": 1.9978407415181403, "std": 0.01204368079392184}, "human_time": {"mean": 3.4991169578414545, "std": 0.014613374929423372}}, "condition3": {"compliant": {"mean": 879.459, "std": 1.1790649402527937}, "non_compliant": {"mean": 120.54099999999998, "std": 1.1790649402527964}, "automated_time": {"mean": 1.9964037799031067, "std": 0.009330913907881565}, "human_time": {"mean": 3.4965052775477448, "std": 0.016556768853656572}}, "condition4": {"compliant": {"mean": 879.3890333333335, "std": 0.967908035691176}, "non_compliant": {"mean": 120.61096666666666, "std": 0.9679080356911782}, "automated_time": {"mean": 1.9994834761643712, "std": 0.008716923550005732}, "human_time": {"mean": 3.5041780374434337, "std": 0.01459037811610057}}, "condition5": {"compliant": {"mean": 879.4127999999998, "std": 1.0993313543543983}, "non_compliant": {"mean": 120.5872, "std": 1.099331354354394}, "automated_time": {"mean": 1.9962602438496226, "std": 0.009803281087805392}, "human_time": {"mean": 3.4957740311403316, "std": 0.01699895421641915}}, "condition6": {"compliant": {"mean": 879.4560666666667, "std": 1.0616286209823589}, "non_compliant": {"mean": 120.54393333333333, "std": 1.0616286209823493}, "automated_time": {"mean": 1.9976917794994564, "std": 0.008649602307108206}, "human_time": {"mean": 3.504556970323193, "std": 0.014390399608409649}}}