{"compliant": {"mean": 87.581, "std": 0.2561815762306101}, "non_compliant": {"mean": 12.418999999999999, "std": 0.25618157623061016}, "automated_time": {"mean": 2.009913921356201, "std": 0.028619103133678436}, "human_time": {"mean": 3.5075020790100098, "std": 0.0411740317940712}}