{"compliant": {"mean": 87.55499999999999, "std": 0.34264413025762036}, "non_compliant": {"mean": 12.445, "std": 0.34264413025761886}, "automated_time": {"mean": 2.0164694786071777, "std": 0.029962439090013504}, "human_time": {"mean": 3.4956374168395996, "std": 0.03990241140127182}}