{"compliant": {"mean": 87.504, "std": 0.22513107293308213}, "non_compliant": {"mean": 12.496, "std": 0.22513107293308052}, "automated_time": {"mean": 2.0162711143493652, "std": 0.023651160299777985}, "human_time": {"mean": 3.4727721214294434, "std": 0.04216769337654114}}