{"compliant": {"mean": 87.58200000000001, "std": 0.27469255541422993}, "non_compliant": {"mean": 12.418000000000001, "std": 0.2746925554142306}, "automated_time": {"mean": 1.9865134954452515, "std": 0.025091255083680153}, "human_time": {"mean": 3.483006238937378, "std": 0.04049742594361305}}