{"compliant": {"mean": 87.531, "std": 0.3069022645729405}, "non_compliant": {"mean": 12.469, "std": 0.30690226457294206}, "automated_time": {"mean": 2.0039572715759277, "std": 0.027192046865820885}, "human_time": {"mean": 3.512388229370117, "std": 0.04423777386546135}}