{"condition1": {"compliant": {"mean": 87.531, "std": 0.3069022645729405}, "non_compliant": {"mean": 12.469, "std": 0.30690226457294206}, "automated_time": {"mean": 2.0039572715759277, "std": 0.027192046865820885}, "human_time": {"mean": 3.512388229370117, "std": 0.04423777386546135}}, "condition2": {"compliant": {"mean": 87.58200000000001, "std": 0.27469255541422993}, "non_compliant": {"mean": 12.418000000000001, "std": 0.2746925554142306}, "automated_time": {"mean": 1.9865134954452515, "std": 0.025091255083680153}, "human_time": {"mean": 3.483006238937378, "std": 0.04049742594361305}}, "condition3": {"compliant": {"mean": 87.54400000000001, "std": 0.16487571076419777}, "non_compliant": {"mean": 12.456, "std": 0.16487571076419988}, "automated_time": {"mean": 1.9956042766571045, "std": 0.03166462108492851}, "human_time": {"mean": 3.4778850078582764, "std": 0.041130002588033676}}}