{"compliant": {"mean": 87.54400000000001, "std": 0.16487571076419777}, "non_compliant": {"mean": 12.456, "std": 0.16487571076419988}, "automated_time": {"mean": 1.9956042766571045, "std": 0.03166462108492851}, "human_time": {"mean": 3.4778850078582764, "std": 0.041130002588033676}}