{"compliant": {"mean": 87.51, "std": 0.2545191544854705}, "non_compliant": {"mean": 12.489999999999998, "std": 0.25451915448547285}, "automated_time": {"mean": 1.9886271953582764, "std": 0.027550596743822098}, "human_time": {"mean": 3.494328737258911, "std": 0.054249025881290436}}