{"compliant": {"mean": 87.387, "std": 0.34537081521170826}, "non_compliant": {"mean": 12.613, "std": 0.3453708152117085}, "automated_time": {"mean": 1.9941524267196655, "std": 0.030366092920303345}, "human_time": {"mean": 3.50007963180542, "std": 0.0372694730758667}}