{"compliant": {"mean": 87.53900000000002, "std": 0.28574289142514037}, "non_compliant": {"mean": 12.461, "std": 0.28574289142514114}, "automated_time": {"mean": 1.9942588806152344, "std": 0.024449244141578674}, "human_time": {"mean": 3.4667906761169434, "std": 0.048013538122177124}}