{"compliant": {"mean": 87.59200000000001, "std": 0.18225257199831144}, "non_compliant": {"mean": 12.407999999999998, "std": 0.18225257199831252}, "automated_time": {"mean": 2.0078237056732178, "std": 0.020067138597369194}, "human_time": {"mean": 3.4988086223602295, "std": 0.046184271574020386}}