{"compliant": {"mean": 87.483, "std": 0.3926079469394395}, "non_compliant": {"mean": 12.517, "std": 0.3926079469394372}, "automated_time": {"mean": 2.000133991241455, "std": 0.025001196190714836}, "human_time": {"mean": 3.5127601623535156, "std": 0.033835653215646744}}