{"condition1": {"compliant": {"mean": 87.53900000000002, "std": 0.28574289142514037}, "non_compliant": {"mean": 12.461, "std": 0.28574289142514114}, "automated_time": {"mean": 1.9942588806152344, "std": 0.024449244141578674}, "human_time": {"mean": 3.4667906761169434, "std": 0.048013538122177124}}, "condition2": {"compliant": {"mean": 87.56899999999999, "std": 0.3435534892851462}, "non_compliant": {"mean": 12.431000000000001, "std": 0.3435534892851477}, "automated_time": {"mean": 1.9947378635406494, "std": 0.017137756571173668}, "human_time": {"mean": 3.526465892791748, "std": 0.02386678010225296}}, "condition3": {"compliant": {"mean": 87.51, "std": 0.2545191544854705}, "non_compliant": {"mean": 12.489999999999998, "std": 0.25451915448547285}, "automated_time": {"mean": 1.9886271953582764, "std": 0.027550596743822098}, "human_time": {"mean": 3.494328737258911, "std": 0.054249025881290436}}, "condition4": {"compliant": {"mean": 87.483, "std": 0.3926079469394395}, "non_compliant": {"mean": 12.517, "std": 0.3926079469394372}, "automated_time": {"mean": 2.000133991241455, "std": 0.025001196190714836}, "human_time": {"mean": 3.5127601623535156, "std": 0.033835653215646744}}, "condition5": {"compliant": {"mean": 87.387, "std": 0.34537081521170826}, "non_compliant": {"mean": 12.613, "std": 0.3453708152117085}, "automated_time": {"mean": 1.9941524267196655, "std": 0.030366092920303345}, "human_time": {"mean": 3.50007963180542, "std": 0.0372694730758667}}, "condition6": {"compliant": {"mean": 87.59200000000001, "std": 0.18225257199831144}, "non_compliant": {"mean": 12.407999999999998, "std": 0.18225257199831252}, "automated_time": {"mean": 2.0078237056732178, "std": 0.020067138597369194}, "human_time": {"mean": 3.4988086223602295, "std": 0.046184271574020386}}}