{"compliant": {"mean": 87.56899999999999, "std": 0.3435534892851462}, "non_compliant": {"mean": 12.431000000000001, "std": 0.3435534892851477}, "automated_time": {"mean": 1.9947378635406494, "std": 0.017137756571173668}, "human_time": {"mean": 3.526465892791748, "std": 0.02386678010225296}}